Trace_ID,Phase,Scenario_Tuple,Primary_Intent,Completeness,Interaction_Pattern,User_Behavior,User_Query,Bot_Response_Preview,Action_Taken,Mode_Detected,Success,Error,Open_Code_Notes,Overall_Success
A001,A,"(shop_info, complete_upfront, single_turn, cooperative)",shop_info,complete_upfront,single_turn,cooperative,"""Hi there! Could you please tell me your store hours and location? I'm planning to visit soon and want to make sure I have the right details. Thanks!""","Absolutely! JO's Bike Shop is located at 456 Pedal Lane, Portland, OR 97201. We're open 7 days a week with hours ranging from 9:00 AM to 7:00 PM on weekdays and extended hours on Thursdays and Fridays",shop_info,shop_info,1,,,
A002,A,"(shop_info, complete_upfront, single_turn, cooperative)",shop_info,complete_upfront,single_turn,cooperative,"""Hi there! Could you please tell me your store hours and if you're open on weekends? I'm planning a visit soon. Thanks!""","Absolutely, we'd love to have you visit JO's Bike Shop! We're open 7 days a week. Our hours are Monday to Wednesday 9:00 AM - 6:00 PM, Thursday and Friday 9:00 AM - 7:00 PM, Saturday 8:00 AM - 5:00 PM",shop_info,shop_info,1,,,
A003,A,"(what_can_you_do, no_info, single_turn, conversational)",what_can_you_do,no_info,single_turn,conversational,Hey there! What kind of things can you help me with?,"I'm here to help you with JO's Bike Shop! I can assist you with:

• **Shop Information** - Opening hours, location, and contact details

• **Product Inquiries** - Available bikes, accessories, and pro",what_can_you_do,what_can_you_do,1,,,
A004,A,"(what_can_you_do, no_info, single_turn, conversational)",what_can_you_do,no_info,single_turn,conversational,Hey there! What all can you help me with?,"I'm here to help you with JO's Bike Shop! I can assist you with:

• **Shop Information** - Opening hours, location, and contact details

• **Product Inquiries** - Available bikes, accessories, and pro",what_can_you_do,what_can_you_do,1,,,
A005,A,"(maintenance_tips, complete_upfront, single_turn, cooperative)",maintenance_tips,complete_upfront,single_turn,cooperative,"""Hi there! I'm planning to tune up my bike this weekend and could really use some tips on how to properly clean and lubricate the chain. Could you guide me through the process or provide any other maintenance advice to keep my bike running smoothly?""","Sure! To clean and lubricate your chain, start by wiping it down with a rag to remove dirt and debris. Then, apply chain lubricant and wipe off any excess. Additionally, regularly check tire pressure,",maintenance_tips,maintenance_tips,1,,,
A006,A,"(maintenance_tips, complete_upfront, single_turn, cooperative)",maintenance_tips,complete_upfront,single_turn,cooperative,"Hi there! I'm planning to do some maintenance on my road bike this weekend. Can you give me some tips on how to properly clean and lubricate the chain, and check the tire pressure? Thanks!","Sure! To clean your chain, use a degreaser and a chain cleaning tool before applying a lubricant. Check your tire pressure with a pump and gauge, and ensure it matches the manufacturer's recommendatio",maintenance_tips,maintenance_tips,1,,,
